{
  "alignment": {
    "perfect": {
      "Cosine (no alignment)": 0.1364724963903427,
      "Hard DTW": 0.13647250980138778,
      "Soft-DTW (\u03b3=0.5)": -0.48497986793518066,
      "Optimal Transport": 0.1361216902732849
    },
    "noisy": {
      "Cosine (no alignment)": 0.7998947851359844,
      "Hard DTW": 0.799894793331623,
      "Soft-DTW (\u03b3=0.5)": 0.43119282722473146,
      "Optimal Transport": 0.7884906530380249
    },
    "1-swap": {
      "Cosine (no alignment)": 0.6161483066156507,
      "Hard DTW": 0.61614830493927,
      "Soft-DTW (\u03b3=0.5)": 0.13558495044708252,
      "Optimal Transport": 0.3793986737728119
    },
    "2-swap": {
      "Cosine (no alignment)": 0.7840467148460448,
      "Hard DTW": 0.5501637272536755,
      "Soft-DTW (\u03b3=0.5)": 0.16640291213989258,
      "Optimal Transport": 0.37335291504859924
    },
    "1-skip": {
      "Cosine (no alignment)": 0.396234268322587,
      "Hard DTW": 0.4726914450526237,
      "Soft-DTW (\u03b3=0.5)": 0.04321375489234924,
      "Optimal Transport": 0.5077134370803833
    },
    "slow": {
      "Cosine (no alignment)": 0.7548083345405757,
      "Hard DTW": 0.3610615387875983,
      "Soft-DTW (\u03b3=0.5)": -0.12384356260299682,
      "Optimal Transport": 0.4285013675689697
    }
  },
  "dilate": {
    "perfect": {
      "MSE": 0.0042647672817111015,
      "Shape only": -9.998428344726562,
      "Temporal only": 0.0,
      "DILATE (\u03b1=0.5)": -4.999214172363281,
      "shape_component": -9.998428344726562,
      "temporal_component": 0.0
    },
    "noisy": {
      "MSE": 0.024996712803840637,
      "Shape only": 57.841190338134766,
      "Temporal only": 0.0,
      "DILATE (\u03b1=0.5)": 28.920595169067383,
      "shape_component": 57.841190338134766,
      "temporal_component": 0.0
    },
    "1-swap": {
      "MSE": 0.019254636019468307,
      "Shape only": 37.39149475097656,
      "Temporal only": 0.0,
      "DILATE (\u03b1=0.5)": 18.69574737548828,
      "shape_component": 37.39149475097656,
      "temporal_component": 0.0
    },
    "2-swap": {
      "MSE": 0.024501459673047066,
      "Shape only": 39.075050354003906,
      "Temporal only": 0.0,
      "DILATE (\u03b1=0.5)": 19.537525177001953,
      "shape_component": 39.075050354003906,
      "temporal_component": 0.0
    },
    "1-skip": {
      "MSE": 0.012382321991026402,
      "Shape only": 26.762893676757812,
      "Temporal only": 0.0,
      "DILATE (\u03b1=0.5)": 13.381446838378906,
      "shape_component": 26.762893676757812,
      "temporal_component": 0.0
    },
    "slow": {
      "MSE": 0.02358775958418846,
      "Shape only": 19.541397094726562,
      "Temporal only": 0.0,
      "DILATE (\u03b1=0.5)": 9.770698547363281,
      "shape_component": 19.541397094726562,
      "temporal_component": 0.0
    }
  },
  "uncertainty": {
    "n_test": 200,
    "methods": {
      "MC Dropout (95%)": {
        "target_coverage": 0.95,
        "actual_coverage": 0.745,
        "mean_width": 24.071263352632524
      },
      "Conformal (95%)": {
        "target_coverage": 0.95,
        "actual_coverage": 0.92,
        "mean_width": 37.09436533829785
      },
      "Conformal (90%)": {
        "target_coverage": 0.9,
        "actual_coverage": 0.885,
        "mean_width": 30.808624090145845
      },
      "Conformal (80%)": {
        "target_coverage": 0.8,
        "actual_coverage": 0.805,
        "mean_width": 24.824774115344617
      }
    }
  },
  "scoring": {
    "metrics": [
      "miss",
      "swap",
      "deviation",
      "over_time",
      "temporal_warp",
      "path_stretch",
      "dup_ratio",
      "order_viol",
      "temp_drift",
      "conf_loss",
      "local_sim_gap",
      "adapt_thresh",
      "eff_thresh",
      "hard_miss",
      "mean_align_cost"
    ],
    "heuristic_sensitivity": [
      15.0,
      10.0,
      8.0,
      5.0,
      12.0,
      5.0,
      3.0,
      5.0,
      5.0,
      3.0,
      3.0,
      0.0,
      0.0,
      5.0,
      5.0
    ],
    "mlp_sensitivity": [
      9.719856262207031,
      5.671878814697266,
      21.376995086669922,
      6.022621154785156,
      6.479297637939453,
      13.045783996582031,
      5.584537506103516,
      4.164649963378906,
      7.793434143066406,
      6.9011383056640625,
      10.614143371582031,
      2.1968917846679688,
      1.0905685424804688,
      7.613838195800781,
      6.221675872802734
    ]
  },
  "gamma": {
    "gammas": [
      0.01,
      0.05,
      0.1,
      0.25,
      0.5,
      1.0,
      2.0,
      5.0,
      10.0
    ],
    "scenarios": {
      "perfect": [
        0.1364659070968628,
        0.12124842405319214,
        0.06952297091484069,
        -0.12498042583465577,
        -0.48497986793518066,
        -1.2567886352539062,
        -2.8603227615356444,
        -7.773670196533203,
        -16.03198699951172
      ],
      "noisy": [
        0.7998947143554688,
        0.7997535228729248,
        0.7973535537719727,
        0.7230148792266846,
        0.43119282722473146,
        -0.32000222206115725,
        -1.935022735595703,
        -6.8828880310058596,
        -15.167044067382813
      ],
      "1-swap": [
        0.6161473751068115,
        0.6145926475524902,
        0.6003712177276611,
        0.467393684387207,
        0.13558495044708252,
        -0.6273034572601318,
        -2.2382009506225584,
        -7.1749214172363285,
        -15.4522705078125
      ],
      "2-swap": [
        0.6601154804229736,
        0.6546982288360595,
        0.6311689376831054,
        0.48843812942504883,
        0.16640291213989258,
        -0.5661105155944824,
        -2.1292648315429688,
        -7.022601318359375,
        -15.290419006347657
      ],
      "1-skip": [
        0.47248106002807616,
        0.4692448616027832,
        0.45409460067749025,
        0.3345361232757568,
        0.04321375489234924,
        -0.620430850982666,
        -2.020969772338867,
        -6.347129058837891,
        -13.646890258789062
      ],
      "slow": [
        0.42396178245544436,
        0.420277738571167,
        0.4015377998352051,
        0.24426743984222413,
        -0.12384356260299682,
        -0.9451245307922364,
        -2.6632057189941407,
        -7.9357666015625,
        -16.805943298339844
      ]
    }
  }
}